<Servers>
	<Server>
		<Name>Сервер</Name>
		<Port>502</Port>
		<Desc>
		</Desc>
		<Mode>true</Mode>
		<BAUD>9600</BAUD>
		<PARITY>0</PARITY>
		<STOPS>0</STOPS>
		<BITS>8</BITS>
		<INTERVAL>40</INTERVAL>
		<COMMPORT>COM1</COMMPORT>
		<Device>
			<Name>Устройство</Name>
			<Number>159</Number>
			<Description>
			</Description>
			<NoReply>false</NoReply>
			<ReplyTimeout>0</ReplyTimeout>
			<ReplyTimeoutTo>0</ReplyTimeoutTo>
			<BitsMerge>false</BitsMerge>
			<RegsMerge>false</RegsMerge>
			<ProgID>
			</ProgID>
			<EnabelRepeat>false</EnabelRepeat>
			<SendTrash>false</SendTrash>
			<InvalidLength>false</InvalidLength>
			<Groups>
				<Items>
					<Name>MainGroup</Name>
				</Items>
			</Groups>
			<Register>
				<Name>usred</Name>
				<Addr>3529</Addr>
				<BitAddr>0</BitAddr>
				<vType>4</vType>
				<Description>
				</Description>
				<mSpace>1</mSpace>
				<ConstGroupName>
				</ConstGroupName>
				<Group>
				</Group>
				<Min>490</Min>
				<Max>498</Max>
				<WorkType>1</WorkType>
				<DataFormat>4</DataFormat>
				<Percent>0</Percent>
				<Period>1</Period>
				<RegFullName>Сервер.Устройство.usred</RegFullName>
				<RegsCount>2</RegsCount>
				<Value>498</Value>
				<DefValue>0</DefValue>
			</Register>
			<Register>
				<Name>isred</Name>
				<Addr>3531</Addr>
				<BitAddr>0</BitAddr>
				<vType>4</vType>
				<Description>
				</Description>
				<mSpace>1</mSpace>
				<ConstGroupName>
				</ConstGroupName>
				<Group>
				</Group>
				<Min>3</Min>
				<Max>7</Max>
				<WorkType>1</WorkType>
				<DataFormat>4</DataFormat>
				<Percent>0</Percent>
				<Period>100</Period>
				<RegFullName>Сервер.Устройство.isred</RegFullName>
				<RegsCount>2</RegsCount>
				<Value>6,03734827041626</Value>
				<DefValue>0</DefValue>
			</Register>
			<Register>
				<Name>psred</Name>
				<Addr>3439</Addr>
				<BitAddr>0</BitAddr>
				<vType>4</vType>
				<Description>
				</Description>
				<mSpace>1</mSpace>
				<ConstGroupName>
				</ConstGroupName>
				<Group>
				</Group>
				<Min>300</Min>
				<Max>1700</Max>
				<WorkType>1</WorkType>
				<DataFormat>4</DataFormat>
				<Percent>0</Percent>
				<Period>100</Period>
				<RegFullName>Сервер.Устройство.psred</RegFullName>
				<RegsCount>2</RegsCount>
				<Value>1700</Value>
				<DefValue>0</DefValue>
			</Register>
			<Register>
				<Name>u12</Name>
				<Addr>3511</Addr>
				<BitAddr>0</BitAddr>
				<vType>4</vType>
				<Description>
				</Description>
				<mSpace>1</mSpace>
				<ConstGroupName>
				</ConstGroupName>
				<Group>
				</Group>
				<Min>494</Min>
				<Max>495</Max>
				<WorkType>1</WorkType>
				<DataFormat>4</DataFormat>
				<Percent>0</Percent>
				<Period>100</Period>
				<RegFullName>Сервер.Устройство.u12</RegFullName>
				<RegsCount>2</RegsCount>
				<Value>494,548736572266</Value>
				<DefValue>0</DefValue>
			</Register>
			<Register>
				<Name>u23</Name>
				<Addr>3513</Addr>
				<BitAddr>0</BitAddr>
				<vType>4</vType>
				<Description>
				</Description>
				<mSpace>1</mSpace>
				<ConstGroupName>
				</ConstGroupName>
				<Group>
				</Group>
				<Min>494</Min>
				<Max>496</Max>
				<WorkType>1</WorkType>
				<DataFormat>4</DataFormat>
				<Percent>0</Percent>
				<Period>100</Period>
				<RegFullName>Сервер.Устройство.u23</RegFullName>
				<RegsCount>2</RegsCount>
				<Value>496</Value>
				<DefValue>0</DefValue>
			</Register>
			<Register>
				<Name>u31</Name>
				<Addr>3515</Addr>
				<BitAddr>0</BitAddr>
				<vType>4</vType>
				<Description>
				</Description>
				<mSpace>1</mSpace>
				<ConstGroupName>
				</ConstGroupName>
				<Group>
				</Group>
				<Min>493</Min>
				<Max>496</Max>
				<WorkType>1</WorkType>
				<DataFormat>4</DataFormat>
				<Percent>0</Percent>
				<Period>100</Period>
				<RegFullName>Сервер.Устройство.u31</RegFullName>
				<RegsCount>2</RegsCount>
				<Value>495,314270019531</Value>
				<DefValue>0</DefValue>
			</Register>
			<Register>
				<Name>i1</Name>
				<Addr>3521</Addr>
				<BitAddr>0</BitAddr>
				<vType>4</vType>
				<Description>
				</Description>
				<mSpace>1</mSpace>
				<ConstGroupName>
				</ConstGroupName>
				<Group>
				</Group>
				<Min>0</Min>
				<Max>7</Max>
				<WorkType>1</WorkType>
				<DataFormat>4</DataFormat>
				<Percent>0</Percent>
				<Period>100</Period>
				<RegFullName>Сервер.Устройство.i1</RegFullName>
				<RegsCount>2</RegsCount>
				<Value>7</Value>
				<DefValue>0</DefValue>
			</Register>
			<Register>
				<Name>i2</Name>
				<Addr>3523</Addr>
				<BitAddr>0</BitAddr>
				<vType>4</vType>
				<Description>
				</Description>
				<mSpace>1</mSpace>
				<ConstGroupName>
				</ConstGroupName>
				<Group>
				</Group>
				<Min>0</Min>
				<Max>7</Max>
				<WorkType>1</WorkType>
				<DataFormat>4</DataFormat>
				<Percent>0</Percent>
				<Period>100</Period>
				<RegFullName>Сервер.Устройство.i2</RegFullName>
				<RegsCount>2</RegsCount>
				<Value>2,91162252426147</Value>
				<DefValue>0</DefValue>
			</Register>
			<Register>
				<Name>i3</Name>
				<Addr>3525</Addr>
				<BitAddr>0</BitAddr>
				<vType>4</vType>
				<Description>
				</Description>
				<mSpace>1</mSpace>
				<ConstGroupName>
				</ConstGroupName>
				<Group>
				</Group>
				<Min>0</Min>
				<Max>7</Max>
				<WorkType>1</WorkType>
				<DataFormat>4</DataFormat>
				<Percent>0</Percent>
				<Period>100</Period>
				<RegFullName>Сервер.Устройство.i3</RegFullName>
				<RegsCount>2</RegsCount>
				<Value>0</Value>
				<DefValue>0</DefValue>
			</Register>
			<Register>
				<Name>p1</Name>
				<Addr>3427</Addr>
				<BitAddr>0</BitAddr>
				<vType>4</vType>
				<Description>
				</Description>
				<mSpace>1</mSpace>
				<ConstGroupName>
				</ConstGroupName>
				<Group>
				</Group>
				<Min>1000</Min>
				<Max>2000</Max>
				<WorkType>1</WorkType>
				<DataFormat>4</DataFormat>
				<Percent>0</Percent>
				<Period>100</Period>
				<RegFullName>Сервер.Устройство.p1</RegFullName>
				<RegsCount>2</RegsCount>
				<Value>1452,49780273438</Value>
				<DefValue>0</DefValue>
			</Register>
			<Register>
				<Name>p2</Name>
				<Addr>3429</Addr>
				<BitAddr>0</BitAddr>
				<vType>4</vType>
				<Description>
				</Description>
				<mSpace>1</mSpace>
				<ConstGroupName>
				</ConstGroupName>
				<Group>
				</Group>
				<Min>1000</Min>
				<Max>2000</Max>
				<WorkType>1</WorkType>
				<DataFormat>4</DataFormat>
				<Percent>0</Percent>
				<Period>100</Period>
				<RegFullName>Сервер.Устройство.p2</RegFullName>
				<RegsCount>2</RegsCount>
				<Value>1878,53173828125</Value>
				<DefValue>0</DefValue>
			</Register>
			<Register>
				<Name>p3</Name>
				<Addr>3431</Addr>
				<BitAddr>0</BitAddr>
				<vType>4</vType>
				<Description>
				</Description>
				<mSpace>1</mSpace>
				<ConstGroupName>
				</ConstGroupName>
				<Group>
				</Group>
				<Min>1000</Min>
				<Max>2000</Max>
				<WorkType>1</WorkType>
				<DataFormat>4</DataFormat>
				<Percent>0</Percent>
				<Period>100</Period>
				<RegFullName>Сервер.Устройство.p3</RegFullName>
				<RegsCount>2</RegsCount>
				<Value>1000</Value>
				<DefValue>0</DefValue>
			</Register>
		</Device>
	</Server>
	<CONSTGROUPS/>
	<FUNCTIONS/>
</Servers>
